run_id,metric,value,unit
dr_odometer,horizontal_rmse,5.666610475146447,m
dr_odometer,horizontal_mean,4.599745451644449,m
dr_odometer,horizontal_max,15.45845042004647,m
dr_odometer,horizontal_final,15.45845042004647,m
dr_odometer,heading_rmse,0.7539844566941942,deg
dr_odometer,heading_max,1.652598446855381,deg
dr_odometer,heading_final,1.647677862322544,deg
dr_odometer,duration,299.989713907,s
dr_odometer,samples,30000.0,count
dr_inertial,horizontal_rmse,2249.8658123928626,m
dr_inertial,horizontal_mean,1483.554719752311,m
dr_inertial,horizontal_max,5835.247842020378,m
dr_inertial,horizontal_final,5835.247842020378,m
dr_inertial,heading_rmse,0.7539844566941942,deg
dr_inertial,heading_max,1.652598446855381,deg
dr_inertial,heading_final,1.647677862322544,deg
dr_inertial,duration,299.989713907,s
dr_inertial,samples,30000.0,count
